{
    "target": 15.12821875,
    "params": {
        "discount_factor_g": 0.9137667385553311,
        "epsilon_decay": 0.9988632482706751,
        "epsilon_init": 0.9984426241068756,
        "epsilon_min": 0.09636710931159273,
        "learning_rate": 0.008153008239302269,
        "mini_batch_size": 40.0,
        "network_sync_rate": 591.8515504363395
    }
}