{
    "target": 10.7047333984375,
    "params": {
        "discount_factor_g": 0.9408543821984187,
        "epsilon_decay": 0.9986238557009316,
        "epsilon_init": 0.8894248269472916,
        "epsilon_min": 0.017664884360815907,
        "learning_rate": 0.0007782806081390358,
        "mini_batch_size": 40.0,
        "network_sync_rate": 1563.2077650242875
    }
}